Entity,Code,Year,Other renewables excluding bioenergy - TWh (adapted for visualization of chart electricity-prod-source-stacked),Electricity from bioenergy - TWh (adapted for visualization of chart electricity-prod-source-stacked),Electricity from solar - TWh (adapted for visualization of chart electricity-prod-source-stacked),Electricity from wind - TWh (adapted for visualization of chart electricity-prod-source-stacked),Electricity from hydro - TWh (adapted for visualization of chart electricity-prod-source-stacked),Electricity from nuclear - TWh (adapted for visualization of chart electricity-prod-source-stacked),Electricity from oil - TWh (adapted for visualization of chart electricity-prod-source-stacked),Electricity from gas - TWh (adapted for visualization of chart electricity-prod-source-stacked),Electricity from coal - TWh (adapted for visualization of chart electricity-prod-source-stacked),Other renewables excluding bioenergy - TWh (adapted for visualization of chart electricity-prod-source-stacked),Electricity from bioenergy - TWh (adapted for visualization of chart electricity-prod-source-stacked),Electricity from solar - TWh (adapted for visualization of chart electricity-prod-source-stacked),Electricity from wind - TWh (adapted for visualization of chart electricity-prod-source-stacked),Electricity from hydro - TWh (adapted for visualization of chart electricity-prod-source-stacked),Electricity from nuclear - TWh (adapted for visualization of chart electricity-prod-source-stacked),Electricity from oil - TWh (adapted for visualization of chart electricity-prod-source-stacked),Electricity from gas - TWh (adapted for visualization of chart electricity-prod-source-stacked),Electricity from coal - TWh (adapted for visualization of chart electricity-prod-source-stacked)
World,OWID_WRL,2000,43.65,154.44,1.03,31.14,2629.63,2540.46,1323.96,2745.57,5808.81,43.65,154.44,1.03,31.14,2629.63,2540.46,1323.96,2745.57,5808.81
World,OWID_WRL,2001,44.15,149.72,1.37,38.18,2563.66,2613.17,1284.72,2914.78,5890.67,44.15,149.72,1.37,38.18,2563.66,2613.17,1284.72,2914.78,5890.67
World,OWID_WRL,2002,45.83,162.96,1.71,52.22,2611.51,2654.78,1271.49,3104.81,6144.3,45.83,162.96,1.71,52.22,2611.51,2654.78,1271.49,3104.81,6144.3
World,OWID_WRL,2003,46.61,176.51,2.1,63.19,2611.9,2601.05,1295.92,3255.5,6574.95,46.61,176.51,2.1,63.19,2611.9,2601.05,1295.92,3255.5,6574.95
World,OWID_WRL,2004,48.26,192.54,2.78,85.46,2802.55,2719.41,1263.28,3503.08,6797.3,48.26,192.54,2.78,85.46,2802.55,2719.41,1263.28,3503.08,6797.3
World,OWID_WRL,2005,48.59,212.86,3.94,104.38,2911.71,2726.97,1277.64,3680.54,7167.21,48.59,212.86,3.94,104.38,2911.71,2726.97,1277.64,3680.54,7167.21
World,OWID_WRL,2006,50.76,226.7,5.41,133.17,3018.02,2761.59,1175.8,3900.59,7566.97,50.76,226.7,5.41,133.17,3018.02,2761.59,1175.8,3900.59,7566.97
World,OWID_WRL,2007,52.81,249.26,7.28,171.12,3062.72,2703.49,1196.17,4219.27,8051.83,52.81,249.26,7.28,171.12,3062.72,2703.49,1196.17,4219.27,8051.83
World,OWID_WRL,2008,56.59,266.33,11.84,220.81,3245.28,2694.72,1171,4361.06,8074.84,56.59,266.33,11.84,220.81,3245.28,2694.72,1171,4361.06,8074.84
World,OWID_WRL,2009,58.66,287.55,19.81,276.22,3241.2,2656.76,1070.21,4382.27,7951.84,58.66,287.55,19.81,276.22,3241.2,2656.76,1070.21,4382.27,7951.84
World,OWID_WRL,2010,59.71,328.22,32.21,345.93,3428.15,2725.91,1077.88,4807.53,8459.14,59.71,328.22,32.21,345.93,3428.15,2725.91,1077.88,4807.53,8459.14
World,OWID_WRL,2011,61.08,346.87,63.61,439.9,3488,2610.34,1186.63,4866.06,8911.1,61.08,346.87,63.61,439.9,3488,2610.34,1186.63,4866.06,8911.1
World,OWID_WRL,2012,62.83,377.56,96.98,529.19,3660.09,2432.22,1238.37,5160.87,8961.01,62.83,377.56,96.98,529.19,3660.09,2432.22,1238.37,5160.87,8961.01
World,OWID_WRL,2013,64.32,411.5,131.95,634.06,3790.72,2448.52,1196.47,5057.63,9424.99,64.32,411.5,131.95,634.06,3790.72,2448.52,1196.47,5057.63,9424.99
World,OWID_WRL,2014,69.53,446.31,197.75,706.02,3870.65,2498.73,1143.5,5217.11,9601.04,69.53,446.31,197.75,706.02,3870.65,2498.73,1143.5,5217.11,9601.04
World,OWID_WRL,2015,73.08,484.53,255.87,829.52,3881.76,2532.93,1133.61,5542.13,9281.28,73.08,484.53,255.87,829.52,3881.76,2532.93,1133.61,5542.13,9281.28
World,OWID_WRL,2016,75.87,490.06,328.14,960.2,4014.6,2571.05,1085.64,5852.3,9325.3,75.87,490.06,328.14,960.2,4014.6,2571.05,1085.64,5852.3,9325.3
World,OWID_WRL,2017,78.82,517.8,445.16,1139.31,4053.88,2594.23,994.62,5978.13,9649.94,78.82,517.8,445.16,1139.31,4053.88,2594.23,994.62,5978.13,9649.94
World,OWID_WRL,2018,81.71,547.05,574.03,1268,4176.91,2658.7,909.06,6229.08,10028.19,81.71,547.05,574.03,1268,4176.91,2658.7,909.06,6229.08,10028.19
World,OWID_WRL,2019,82.95,579.15,704.4,1420.8,4228.71,2754.08,854.82,6405.51,9821.41,82.95,579.15,704.4,1420.8,4228.71,2754.08,854.82,6405.51,9821.41
World,OWID_WRL,2020,86.12,615.21,855.23,1591.37,4347.86,2648.37,775.3,6386.34,9437.11,86.12,615.21,855.23,1591.37,4347.86,2648.37,775.3,6386.34,9437.11
World,OWID_WRL,2021,86.33,669.27,1053.49,1856.65,4287.9,2762.24,855.07,6546.18,10154.13,86.33,669.27,1053.49,1856.65,4287.9,2762.24,855.07,6546.18,10154.13
World,OWID_WRL,2022,87.91,684.83,1329.69,2106.93,4321.15,2639.85,886.49,6606.91,10263.17,87.91,684.83,1329.69,2106.93,4321.15,2639.85,886.49,6606.91,10263.17
World,OWID_WRL,2023,88.92,691.07,1656.72,2312.13,4234.3,2699.03,865.46,6684.39,10452.92,88.92,691.07,1656.72,2312.13,4234.3,2699.03,865.46,6684.39,10452.92
World,OWID_WRL,2024,88.76,712.16,2130.64,2497.25,4418.96,2764.67,857.48,6795.95,10587.47,88.76,712.16,2130.64,2497.25,4418.96,2764.67,857.48,6795.95,10587.47