{
  "chart": {
    "title": "Electricity production by source",
    "subtitle": "Measured in [terawatt-hours](#dod:watt-hours).",
    "note": "\"Other renewables\" include geothermal, wave, and tidal.",
    "citation": "Ember (2025); Energy Institute - Statistical Review of World Energy (2025)",
    "originalChartUrl": "https://ourworldindata.org/grapher/electricity-prod-source-stacked?time=2000..latest&v=1&csvType=filtered&useColumnShortNames=false",
    "selection": [
      "World"
    ]
  },
  "columns": {
    "Other renewables excluding bioenergy - TWh (adapted for visualization of chart electricity-prod-source-stacked)": {
      "titleShort": "Electricity generation from other renewables, excluding bioenergy",
      "titleLong": "Electricity generation from other renewables, excluding bioenergy - Ember",
      "descriptionShort": "Measured in [terawatt-hours](#dod:watt-hours).",
      "descriptionProcessing": "",
      "shortUnit": "TWh",
      "unit": "terawatt-hours",
      "timespan": "1985-2024",
      "type": "Numeric",
      "owidVariableId": 1077760,
      "shortName": "other_renewables_excluding_bioenergy_generation__twh_chart_electricity_prod_source_stacked",
      "lastUpdated": "2025-06-27",
      "nextUpdate": "2026-06-27",
      "citationShort": "Ember (2025) – with major processing by Our World in Data",
      "citationLong": "Ember (2025) – with major processing by Our World in Data. “Electricity generation from other renewables, excluding bioenergy – Ember” [dataset]. Ember, “Yearly Electricity Data Europe”; Ember, “Yearly Electricity Data” [original data].",
      "fullMetadata": "https://api.ourworldindata.org/v1/indicators/1077760.metadata.json"
    },
    "Electricity from bioenergy - TWh (adapted for visualization of chart electricity-prod-source-stacked)": {
      "titleShort": "Electricity generation from bioenergy",
      "titleLong": "Electricity generation from bioenergy - Ember",
      "descriptionShort": "Measured in [terawatt-hours](#dod:watt-hours).",
      "descriptionProcessing": "",
      "shortUnit": "TWh",
      "unit": "terawatt-hours",
      "timespan": "1985-2024",
      "type": "Numeric",
      "owidVariableId": 1077764,
      "shortName": "bioenergy_generation__twh_chart_electricity_prod_source_stacked",
      "lastUpdated": "2025-06-27",
      "nextUpdate": "2026-06-27",
      "citationShort": "Ember (2025) – with major processing by Our World in Data",
      "citationLong": "Ember (2025) – with major processing by Our World in Data. “Electricity generation from bioenergy – Ember” [dataset]. Ember, “Yearly Electricity Data Europe”; Ember, “Yearly Electricity Data” [original data].",
      "fullMetadata": "https://api.ourworldindata.org/v1/indicators/1077764.metadata.json"
    },
    "Electricity from solar - TWh (adapted for visualization of chart electricity-prod-source-stacked)": {
      "titleShort": "Electricity generation from solar power",
      "titleLong": "Electricity generation from solar power",
      "descriptionShort": "Measured in [terawatt-hours](#dod:watt-hours).",
      "descriptionProcessing": "- While the Energy Institute (EI) provides a longer time series (dating back to 1965) than Ember (dating back only to 1990 for European countries and 2000 for other countries), EI does not cover all countries or all sources of electricity (for example, generation from bioenergy is missing). Therefore, when data from Ember is available for a given country and year, we use it as the primary data source. Where Ember data is unavailable, we supplement it with data from EI.",
      "shortUnit": "TWh",
      "unit": "terawatt-hours",
      "timespan": "1985-2024",
      "type": "Numeric",
      "owidVariableId": 1077766,
      "shortName": "solar_generation__twh_chart_electricity_prod_source_stacked",
      "lastUpdated": "2025-06-27",
      "nextUpdate": "2026-06-27",
      "citationShort": "Ember (2025); Energy Institute - Statistical Review of World Energy (2025) – with major processing by Our World in Data",
      "citationLong": "Ember (2025); Energy Institute - Statistical Review of World Energy (2025) – with major processing by Our World in Data. “Electricity generation from solar power” [dataset]. Ember, “Yearly Electricity Data Europe”; Ember, “Yearly Electricity Data”; Energy Institute, “Statistical Review of World Energy” [original data].",
      "fullMetadata": "https://api.ourworldindata.org/v1/indicators/1077766.metadata.json"
    },
    "Electricity from wind - TWh (adapted for visualization of chart electricity-prod-source-stacked)": {
      "titleShort": "Electricity generation from wind power",
      "titleLong": "Electricity generation from wind power",
      "descriptionShort": "Measured in [terawatt-hours](#dod:watt-hours).",
      "descriptionProcessing": "- While the Energy Institute (EI) provides a longer time series (dating back to 1965) than Ember (dating back only to 1990 for European countries and 2000 for other countries), EI does not cover all countries or all sources of electricity (for example, generation from bioenergy is missing). Therefore, when data from Ember is available for a given country and year, we use it as the primary data source. Where Ember data is unavailable, we supplement it with data from EI.",
      "shortUnit": "TWh",
      "unit": "terawatt-hours",
      "timespan": "1985-2024",
      "type": "Numeric",
      "owidVariableId": 1077767,
      "shortName": "wind_generation__twh_chart_electricity_prod_source_stacked",
      "lastUpdated": "2025-06-27",
      "nextUpdate": "2026-06-27",
      "citationShort": "Ember (2025); Energy Institute - Statistical Review of World Energy (2025) – with major processing by Our World in Data",
      "citationLong": "Ember (2025); Energy Institute - Statistical Review of World Energy (2025) – with major processing by Our World in Data. “Electricity generation from wind power” [dataset]. Ember, “Yearly Electricity Data Europe”; Ember, “Yearly Electricity Data”; Energy Institute, “Statistical Review of World Energy” [original data].",
      "fullMetadata": "https://api.ourworldindata.org/v1/indicators/1077767.metadata.json"
    },
    "Electricity from hydro - TWh (adapted for visualization of chart electricity-prod-source-stacked)": {
      "titleShort": "Electricity generation from hydropower",
      "titleLong": "Electricity generation from hydropower",
      "descriptionShort": "Measured in [terawatt-hours](#dod:watt-hours).",
      "descriptionProcessing": "- While the Energy Institute (EI) provides a longer time series (dating back to 1965) than Ember (dating back only to 1990 for European countries and 2000 for other countries), EI does not cover all countries or all sources of electricity (for example, generation from bioenergy is missing). Therefore, when data from Ember is available for a given country and year, we use it as the primary data source. Where Ember data is unavailable, we supplement it with data from EI.",
      "shortUnit": "TWh",
      "unit": "terawatt-hours",
      "timespan": "1985-2024",
      "type": "Numeric",
      "owidVariableId": 1077769,
      "shortName": "hydro_generation__twh_chart_electricity_prod_source_stacked",
      "lastUpdated": "2025-06-27",
      "nextUpdate": "2026-06-27",
      "citationShort": "Ember (2025); Energy Institute - Statistical Review of World Energy (2025) – with major processing by Our World in Data",
      "citationLong": "Ember (2025); Energy Institute - Statistical Review of World Energy (2025) – with major processing by Our World in Data. “Electricity generation from hydropower” [dataset]. Ember, “Yearly Electricity Data Europe”; Ember, “Yearly Electricity Data”; Energy Institute, “Statistical Review of World Energy” [original data].",
      "fullMetadata": "https://api.ourworldindata.org/v1/indicators/1077769.metadata.json"
    },
    "Electricity from nuclear - TWh (adapted for visualization of chart electricity-prod-source-stacked)": {
      "titleShort": "Electricity generation from nuclear",
      "titleLong": "Electricity generation from nuclear",
      "descriptionShort": "Measured in [terawatt-hours](#dod:watt-hours).",
      "descriptionProcessing": "- While the Energy Institute (EI) provides a longer time series (dating back to 1965) than Ember (dating back only to 1990 for European countries and 2000 for other countries), EI does not cover all countries or all sources of electricity (for example, generation from bioenergy is missing). Therefore, when data from Ember is available for a given country and year, we use it as the primary data source. Where Ember data is unavailable, we supplement it with data from EI.",
      "shortUnit": "TWh",
      "unit": "terawatt-hours",
      "timespan": "1985-2024",
      "type": "Numeric",
      "owidVariableId": 1077772,
      "shortName": "nuclear_generation__twh_chart_electricity_prod_source_stacked",
      "lastUpdated": "2025-06-27",
      "nextUpdate": "2026-06-27",
      "citationShort": "Ember (2025); Energy Institute - Statistical Review of World Energy (2025) – with major processing by Our World in Data",
      "citationLong": "Ember (2025); Energy Institute - Statistical Review of World Energy (2025) – with major processing by Our World in Data. “Electricity generation from nuclear” [dataset]. Ember, “Yearly Electricity Data Europe”; Ember, “Yearly Electricity Data”; Energy Institute, “Statistical Review of World Energy” [original data].",
      "fullMetadata": "https://api.ourworldindata.org/v1/indicators/1077772.metadata.json"
    },
    "Electricity from oil - TWh (adapted for visualization of chart electricity-prod-source-stacked)": {
      "titleShort": "Electricity generation from oil",
      "titleLong": "Electricity generation from oil",
      "descriptionShort": "Measured in [terawatt-hours](#dod:watt-hours).",
      "descriptionProcessing": "- While the Energy Institute (EI) provides a longer time series (dating back to 1965) than Ember (dating back only to 1990 for European countries and 2000 for other countries), EI does not cover all countries or all sources of electricity (for example, generation from bioenergy is missing). Therefore, when data from Ember is available for a given country and year, we use it as the primary data source. Where Ember data is unavailable, we supplement it with data from EI.",
      "shortUnit": "TWh",
      "unit": "terawatt-hours",
      "timespan": "1985-2024",
      "type": "Numeric",
      "owidVariableId": 1077773,
      "shortName": "oil_generation__twh_chart_electricity_prod_source_stacked",
      "lastUpdated": "2025-06-27",
      "nextUpdate": "2026-06-27",
      "citationShort": "Ember (2025); Energy Institute - Statistical Review of World Energy (2025) – with major processing by Our World in Data",
      "citationLong": "Ember (2025); Energy Institute - Statistical Review of World Energy (2025) – with major processing by Our World in Data. “Electricity generation from oil” [dataset]. Ember, “Yearly Electricity Data Europe”; Ember, “Yearly Electricity Data”; Energy Institute, “Statistical Review of World Energy” [original data].",
      "fullMetadata": "https://api.ourworldindata.org/v1/indicators/1077773.metadata.json"
    },
    "Electricity from gas - TWh (adapted for visualization of chart electricity-prod-source-stacked)": {
      "titleShort": "Electricity generation from gas",
      "titleLong": "Electricity generation from gas",
      "descriptionShort": "Measured in [terawatt-hours](#dod:watt-hours).",
      "descriptionProcessing": "- While the Energy Institute (EI) provides a longer time series (dating back to 1965) than Ember (dating back only to 1990 for European countries and 2000 for other countries), EI does not cover all countries or all sources of electricity (for example, generation from bioenergy is missing). Therefore, when data from Ember is available for a given country and year, we use it as the primary data source. Where Ember data is unavailable, we supplement it with data from EI.",
      "shortUnit": "TWh",
      "unit": "terawatt-hours",
      "timespan": "1985-2024",
      "type": "Numeric",
      "owidVariableId": 1077776,
      "shortName": "gas_generation__twh_chart_electricity_prod_source_stacked",
      "lastUpdated": "2025-06-27",
      "nextUpdate": "2026-06-27",
      "citationShort": "Ember (2025); Energy Institute - Statistical Review of World Energy (2025) – with major processing by Our World in Data",
      "citationLong": "Ember (2025); Energy Institute - Statistical Review of World Energy (2025) – with major processing by Our World in Data. “Electricity generation from gas” [dataset]. Ember, “Yearly Electricity Data Europe”; Ember, “Yearly Electricity Data”; Energy Institute, “Statistical Review of World Energy” [original data].",
      "fullMetadata": "https://api.ourworldindata.org/v1/indicators/1077776.metadata.json"
    },
    "Electricity from coal - TWh (adapted for visualization of chart electricity-prod-source-stacked)": {
      "titleShort": "Electricity generation from coal",
      "titleLong": "Electricity generation from coal",
      "descriptionShort": "Measured in [terawatt-hours](#dod:watt-hours).",
      "descriptionProcessing": "- While the Energy Institute (EI) provides a longer time series (dating back to 1965) than Ember (dating back only to 1990 for European countries and 2000 for other countries), EI does not cover all countries or all sources of electricity (for example, generation from bioenergy is missing). Therefore, when data from Ember is available for a given country and year, we use it as the primary data source. Where Ember data is unavailable, we supplement it with data from EI.",
      "shortUnit": "TWh",
      "unit": "terawatt-hours",
      "timespan": "1985-2024",
      "type": "Numeric",
      "owidVariableId": 1077777,
      "shortName": "coal_generation__twh_chart_electricity_prod_source_stacked",
      "lastUpdated": "2025-06-27",
      "nextUpdate": "2026-06-27",
      "citationShort": "Ember (2025); Energy Institute - Statistical Review of World Energy (2025) – with major processing by Our World in Data",
      "citationLong": "Ember (2025); Energy Institute - Statistical Review of World Energy (2025) – with major processing by Our World in Data. “Electricity generation from coal” [dataset]. Ember, “Yearly Electricity Data Europe”; Ember, “Yearly Electricity Data”; Energy Institute, “Statistical Review of World Energy” [original data].",
      "fullMetadata": "https://api.ourworldindata.org/v1/indicators/1077777.metadata.json"
    }
  },
  "dateDownloaded": "2025-07-17",
  "activeFilters": {
    "time": "2000..latest"
  }
}