Entity,Code,Year,Other renewables excluding bioenergy - TWh (adapted for visualization of chart electricity-prod-source-stacked),Electricity from bioenergy - TWh (adapted for visualization of chart electricity-prod-source-stacked),Electricity from solar - TWh (adapted for visualization of chart electricity-prod-source-stacked),Electricity from wind - TWh (adapted for visualization of chart electricity-prod-source-stacked),Electricity from hydro - TWh (adapted for visualization of chart electricity-prod-source-stacked),Electricity from nuclear - TWh (adapted for visualization of chart electricity-prod-source-stacked),Electricity from oil - TWh (adapted for visualization of chart electricity-prod-source-stacked),Electricity from gas - TWh (adapted for visualization of chart electricity-prod-source-stacked),Electricity from coal - TWh (adapted for visualization of chart electricity-prod-source-stacked),Other renewables excluding bioenergy - TWh (adapted for visualization of chart electricity-prod-source-stacked),Electricity from bioenergy - TWh (adapted for visualization of chart electricity-prod-source-stacked),Electricity from solar - TWh (adapted for visualization of chart electricity-prod-source-stacked),Electricity from wind - TWh (adapted for visualization of chart electricity-prod-source-stacked),Electricity from hydro - TWh (adapted for visualization of chart electricity-prod-source-stacked),Electricity from nuclear - TWh (adapted for visualization of chart electricity-prod-source-stacked),Electricity from oil - TWh (adapted for visualization of chart electricity-prod-source-stacked),Electricity from gas - TWh (adapted for visualization of chart electricity-prod-source-stacked),Electricity from coal - TWh (adapted for visualization of chart electricity-prod-source-stacked)
Brazil,BRA,1985,0,0,0,0,178.375,3.381,3.914162,0,4.9449463,0,0,0,0,178.375,3.381,3.914162,0,4.9449463
Brazil,BRA,1986,0,0,0,0,182.419,0.144,10.1877365,0,6.184231,0,0,0,0,182.419,0.144,10.1877365,0,6.184231
Brazil,BRA,1987,0,0,0,0,185.6,0.973,7.782793,0,5.4099817,0,0,0,0,185.6,0.973,7.782793,0,5.4099817
Brazil,BRA,1988,0,0,0,0,199.093,0.608,7.1924047,0.005,4.7146597,0,0,0,0,199.093,0.608,7.1924047,0.005,4.7146597
Brazil,BRA,1989,0,0,0,0,204.69,1.83,6.1521454,0.215,5.4487123,0,0,0,0,204.69,1.83,6.1521454,0.215,5.4487123
Brazil,BRA,1990,0,0,0,0,206.708,2.237,5.0698996,0.325612,4.620541,0,0,0,0,206.708,2.237,5.0698996,0.325612,4.620541
Brazil,BRA,1991,0,0,0,0,217.782,1.442,5.245925,0.373,5.5337596,0,0,0,0,217.782,1.442,5.245925,0.373,5.5337596
Brazil,BRA,1992,0,0,0,0,223.343,1.759,6.3331137,0.39,5.0074778,0,0,0,0,223.343,1.759,6.3331137,0.39,5.0074778
Brazil,BRA,1993,0,0,0,0,235.065,0.442,6.2156034,0.388,4.9085813,0,0,0,0,235.065,0.442,6.2156034,0.388,4.9085813
Brazil,BRA,1994,0,0,0,0,242.7051,0.055,6.44245,0.47916743,4.9706693,0,0,0,0,242.7051,0.055,6.44245,0.47916743,4.9706693
Brazil,BRA,1995,0,0,0,0,253.9051,2.519,7.5814815,0.5596937,5.442427,0,0,0,0,253.9051,2.519,7.5814815,0.5596937,5.442427
Brazil,BRA,1996,0,0,0,0.002,265.7358,2.427,9.328145,0.97414684,6.0257387,0,0,0,0.002,265.7358,2.427,9.328145,0.97414684,6.0257387
Brazil,BRA,1997,0,0,0,0.004,278.9725,3.169,9.969053,1.177,7.3102727,0,0,0,0.004,278.9725,3.169,9.969053,1.177,7.3102727
Brazil,BRA,1998,0,0,0,0.005,291.46918,3.265,11.209596,1.321,6.973629,0,0,0,0.005,291.46918,3.265,11.209596,1.321,6.973629
Brazil,BRA,1999,0,0,0,0.002,293.00003,3.977,16.636875,2.6528652,9.714973,0,0,0,0.002,293.00003,3.977,16.636875,2.6528652,9.714973
Brazil,BRA,2000,0,7.86,0,0,304.4,6.05,15.62,4.07,10.93,0,7.86,0,0,304.4,6.05,15.62,4.07,10.93
Brazil,BRA,2001,0,9.02,0,0.03,267.88,14.28,16.34,9.92,11.08,0,9.02,0,0.03,267.88,14.28,16.34,9.92,11.08
Brazil,BRA,2002,0,10.27,0,0.06,286.09,13.84,13.93,12.41,9.12,0,10.27,0,0.06,286.09,13.84,13.93,12.41,9.12
Brazil,BRA,2003,0,11.94,0,0.06,305.62,13.36,11.29,13.11,9.01,0,11.94,0,0.06,305.62,13.36,11.29,13.11,9.01
Brazil,BRA,2004,0,12.52,0,0.06,320.8,11.61,12.87,19.26,10.37,0,12.52,0,0.06,320.8,11.61,12.87,19.26,10.37
Brazil,BRA,2005,0,13.64,0,0.09,337.46,9.85,12.54,18.81,10.68,0,13.64,0,0.09,337.46,9.85,12.54,18.81,10.68
Brazil,BRA,2006,0,14.85,0,0.24,348.8,13.75,13.08,18.26,10.47,0,14.85,0,0.24,348.8,13.75,13.08,18.26,10.47
Brazil,BRA,2007,0,18.06,0,0.66,374.02,12.35,14.48,15.5,10.08,0,18.06,0,0.66,374.02,12.35,14.48,15.5,10.08
Brazil,BRA,2008,0,19.79,0,1.18,369.56,13.97,17.94,28.78,11.96,0,19.79,0,1.18,369.56,13.97,17.94,28.78,11.96
Brazil,BRA,2009,0,22.88,0,1.24,390.99,12.96,14.8,13.33,9.97,0,22.88,0,1.24,390.99,12.96,14.8,13.33,9.97
Brazil,BRA,2010,0,31.94,0,2.18,403.29,14.52,16.1,36.48,11.29,0,31.94,0,2.18,403.29,14.52,16.1,36.48,11.29
Brazil,BRA,2011,0,32.63,0,2.7,428.33,15.66,14.74,25.1,12.6,0,32.63,0,2.7,428.33,15.66,14.74,25.1,12.6
Brazil,BRA,2012,0,35.77,0,5.05,415.34,16.04,19.07,46.76,14.47,0,35.77,0,5.05,415.34,16.04,19.07,46.76,14.47
Brazil,BRA,2013,0,40.97,0,6.58,390.99,15.45,25.87,69,21.97,0,40.97,0,6.58,390.99,15.45,25.87,69,21.97
Brazil,BRA,2014,0,47.08,0.02,12.21,373.44,15.38,34.45,81.07,26.9,0,47.08,0.02,12.21,373.44,15.38,34.45,81.07,26.9
Brazil,BRA,2015,0,49.88,0.06,21.63,359.74,14.73,28.71,79.49,26.98,0,49.88,0.06,21.63,359.74,14.73,28.71,79.49,26.98
Brazil,BRA,2016,0,51.33,0.09,33.49,380.91,15.86,15.06,56.48,25.67,0,51.33,0.09,33.49,380.91,15.86,15.06,56.48,25.67
Brazil,BRA,2017,0,52.91,0.83,42.37,370.91,15.74,18.12,65.59,22.85,0,52.91,0.83,42.37,370.91,15.74,18.12,65.59,22.85
Brazil,BRA,2018,0,54.38,3.46,48.48,388.97,15.67,15.01,54.62,20.8,0,54.38,3.46,48.48,388.97,15.67,15.01,54.62,20.8
Brazil,BRA,2019,0,54.92,6.65,55.99,397.88,16.13,14.12,65.96,21.68,0,54.92,6.65,55.99,397.88,16.13,14.12,65.96,21.68
Brazil,BRA,2020,0,58.74,10.75,57.05,396.38,14.05,14.56,59.48,17.75,0,58.74,10.75,57.05,396.38,14.05,14.56,59.48,17.75
Brazil,BRA,2021,0,55.72,16.75,72.29,362.82,14.7,22.63,86.96,24.24,0,55.72,16.75,72.29,362.82,14.7,22.63,86.96,24.24
Brazil,BRA,2022,0,55.03,30.13,81.63,427.11,14.56,12.4,42.11,14.2,0,55.03,30.13,81.63,427.11,14.56,12.4,42.11,14.2
Brazil,BRA,2023,0,55.83,51.48,95.51,428.65,14.51,12.13,37.71,14.17,0,55.83,51.48,95.51,428.65,14.51,12.13,37.71,14.17
Brazil,BRA,2024,0,56.42,74.68,107.81,414.84,15.74,12.34,47.78,15.65,0,56.42,74.68,107.81,414.84,15.74,12.34,47.78,15.65